<!--
<lv_chart type="bar" point_count="30">
	<lv_chart-series color="0xff0000" axis="primary_y" values="10, 20, 10, 33"/>
	<lv_chart-series color="0x00ff00" axis="secondary_y" values="1, 5, 4 8"/>
	<lv_chart-cursor color="0x0000ff" dir="right" pos="30, 70"/>
	<lv_chart-axis name="primary_y" range="10, 40"/>
</lv_chart>
 -->

<widget>
	<api>
	    <enumdef name="lv_chart_type" help="Type of the chart">
	        <enum name="none"/>
	        <enum name="line"/>
	        <enum name="bar"/>
	        <enum name="scatter"/>
	    </enumdef>

	    <enumdef name="lv_chart_update_mode" help="The update mode">
	        <enum name="shift"/>
	        <enum name="circular"/>
	    </enumdef>

	    <enumdef name="lv_chart_axis" help="The axis">
	        <enum name="primary_x"/>
	        <enum name="primary_y"/>
	        <enum name="secondary_x"/>
	        <enum name="secondary_y"/>
	    </enumdef>

	    <prop name="type" type="enum:lv_chart_type" help=""/>

	    <prop name="point_count" type="int" help=""/>
	    <prop name="update_mode" type="enum:lv_chart_update_mode" help=""/>
	    <prop name="nor_div_line_count" help=""/>
	    <prop name="ver_div_line_count" help=""/>

	    <element name="series" type="lv_chart_series" access="add">
	        <arg name="color" type="color" help=""/>
	        <arg name="axis" type="enum:lv_chart_axis+" default="primary_y" help="The axis"/>
	    	<prop name="values"  type="int[count]" help="set values from an array"/>
	    </element>

	    <element name="cursor" type="lv_chart_cursor" access="add">
	        <arg name="color" type="color" arg="true"/>
	        <arg name="dir" type="enum:lv_dir" arg="true"/>
	    	<prop name="pos_x" type="int" help="x position of the cursor"/>
            <prop name="pos_y" type="int" help="y position of the cursor"/>
	    </element>

	    <element name="axis" access="set">
	    	<arg name="axis" type="enum:lv_chart_axis"/>
	    	<prop name="min_value" type="int"/>
	    	<prop name="max_value" type="int"/>
	    </element>
	</api>
</widget>