<!--
Example
<lv_label text="Hello"/>
-->

<widget>
	<api>
	    <enumdef name="lv_label_long_mode">
	        <enum name="wrap" help=""/>
	        <enum name="scroll" help=""/>
	        <enum name="scroll_circular" help=""/>
	        <enum name="clip" help=""/>
	        <enum name="dots" help=""/>
	    </enumdef>

	    <prop name="text"  type="string" />
	    <prop name="text-translated"  type="string" />
	    <prop name="long_mode" type="enum:lv_label_long_mode" />
	    <prop name="bind_text">
	    	<param name="bind_text" type="subject" />
	    	<param name="fmt" type="string" default="NULL"/>
	   	</prop>
	</api>
</widget>
