<!--
Example
<lv_roller options="'a\nb\nc\nd' infinite" selected="2 true" visible_row_count="3"/>
 -->

<widget>
	<api>
	    <enumdef name="lv_roller_mode">
	        <enum name="normal" help=""/>
	        <enum name="infinite" help=""/>
	    </enumdef>
	    <prop name="options">
	    	<param name="options" type="string"/>
	    	<param name="mode" type="enum:lv_roller_mode" default="normal"/>
	    </prop>

	    <prop name="selected" help="">
	    	<param name="selected" type="int"/>
	    	<param name="animated" type="bool" default="false"/>
	    </prop>

	    <prop name="visible_row_count" type="int" help=""/>
	    <prop name="bind_value" type="subject" help=""/>
	</api>
</widget>