<!--
Example
<lv_slider mode="range" value="30"/>
 -->

<widget>
	<api>
	    <enumdef name="lv_slider_mode">
	        <enum name="normal" help="Normal left to right slider"/>
	        <enum name="range" help="Two knobs with to set a range"/>
	        <enum name="symmetrical" help="The indicaror is grwing from zero"/>
	    </enumdef>

        <prop name="min_value" type="int"/>
        <prop name="max_value" type="int"/>

	    <prop name="value">
	    	<param name="value" type="int"/>
	    	<param name="anim" type="bool" default="false"/>
	    </prop>

	    <prop name="start_value">
	    	<param name="start_value" type="int"/>
	    	<param name="anim" type="bool" default="false"/>
	    </prop>

	    <prop name="mode" type="enum:lv_slider_mode"/>

	    <prop name="bind_value" type="subject" />
	</api>
</widget>