<!--
<lv_table column_count="4">
	<lv_table-column column="2" width="30px"/>
	<lv_table-cell row="2" column="1" value="hello" ctrl="text_crop merge_right"/>
	<lv_table-cell row="3" column="0" value="world"/>
</lv_table>
-->

<widget>
	<api>
	    <enumdef name="lv_table_cell_ctrl" help="Type of the chart">
	        <enum name="merge_right"/>
	        <enum name="text_crop"/>
	        <enum name="custom_1"/>
	        <enum name="custom_2"/>
	        <enum name="custom_3"/>
	        <enum name="custom_4"/>
	    </enumdef>

	    <prop name="row_count" type="int" help=""/>
	    <prop name="column_count" type="int" help=""/>

	    <element name="column" access="set">
	        <arg name="column" type="int" help=""/>
	    	<arg name="width" type="px" help="width of the column"/>
	    </element>

	    <element name="cell" access="set">
	        <arg name="row" type="int" help=""/>
	        <arg name="column" type="int" help=""/>
	    	<arg name="value"  type="string"  help=""/>
	    	<arg name="ctrl" type="enum:lv_table_cell_ctrl+" help=""/>
	    </element>
	</api>
</widget>
